"","Cheese","Yoghurt","Total Milk","Fruits","Refined Grains","Whole Grains","Nuts And Seeds","Total Processed Meats","Unprocessed Red Meats","Fish","Shellfish","Eggs","Total Salt","Added Sugars","Non-Starchy Vegetables","Potatoes","Other Starchy Vegetables","Beans And Legumes","Sugar-sweetened Beverages","Fruit Juices","Coffee"
"Djibouti",0.019347534,0.060210025,2.135816939,0.414091994,28.02241862,0.547556151,0.006849315,1.384062166,0.519788771,27.64742939,0.001385074,0.000279935,0.073541817,0.192424346,1.130062502,0.225988723,0,0.183235065,0.001478167,0.002030679,0.019820055
"Ethiopia",0.015048082,0.258707453,2.820775758,0.120776832,40.61776754,0.039478551,0.022739726,0.153514736,0.269824656,1.55096144,0,4.20456e-05,0.135600663,0.045661623,0.791250849,0.096180136,0.21367213,0.320453458,0.010364157,0.000965049,0.20420663
"Kenya",0.083839315,0.19530808,7.689345682,0.988477663,37.50334605,0.072908307,0.02260274,2.867901165,0.395285712,0.301212265,0.000420998,0.000164863,0.065976366,0.087763349,0.697090479,0.432464642,0.227649387,0.221074077,0.010086647,0.006587764,0.002402431
"Madagascar",0.001074863,0.205754145,2.02148851,0.677491236,42.06170336,0.12325559,0.005890411,1.657941749,0.379663062,19.24898632,0.013850736,6.63878e-05,0.065117947,0.038589293,0.298358591,0.080542215,0.266398219,0.033819483,0.003352777,0.005100731,0.135737348
"Malawi",0,0.030392391,1.015803035,2.163268895,52.59109001,0.857326963,0.021917808,6.203316976,0.501963426,72.94998,0,0.000115072,0.075307701,0.046658395,1.218148009,0.585660917,0.774007917,0.256002395,0.012295402,0.006853893,0.033033425
"Mauritius",0.26764089,0.006552392,1.72200873,0.576472826,28.38837553,0.507461494,0.033424658,8.662710097,1.222867542,119.0494632,0.064405922,0.000736905,0.090280486,0.211457933,0.916061662,0.314834259,0.00636588,0.136248161,0.019833486,0.008063828,0.040841326
"Mozambique",0.003224589,0.270292748,0.616159411,0.557131836,32.51243476,1.356681008,0.043424658,1.414847719,0.192057283,74.78905513,0.008171934,0.000203589,0.116114702,0.057480484,0.504903918,0.116523273,0.170356472,0.131397006,0.006926429,0.002570721,0.004204254
"Rwanda",0.015048082,0.221717638,1.498410652,1.62547805,32.86917805,0.087125471,0.016986301,1.449774026,0.231873626,30.95776462,0,4.5365e-05,0.124264511,0.05520215,0.782690815,1.577492625,1.873229245,0.532934059,0.010449109,0.00211174,0.047448011
"Uganda",0.027946438,0.067908115,4.072317943,0.046474034,39.52944595,0.089653339,0.103424658,1.303604255,0.27823758,70.98829987,0,9.51558e-05,0.072300331,0.068587366,0.470801849,0.058815191,2.463456988,0.217193152,0.036778599,0.013131601,0.036637072
"Zambia",0.009673767,0.331380044,0.72037028,0.10101841,49.31115977,1.219079802,0.103561644,6.06604643,0.305763313,86.00741339,0.000138507,0.000359601,0.111887629,0.06308139,0.337707133,0.02629385,0.136312855,0.063480832,0.022206481,0.010808119,0.006006077
"Angola",0.034395616,0.274342009,0.685970575,0.903043361,78.13796927,0.354497517,0.051369863,6.311783772,0.448734134,96.2449316,0.001662088,7.74524e-06,0.100283399,0.098443042,0.522990441,0.16426737,0.507194532,0.121694695,0.033086014,0.013749223,0.034835249
"Cameroon",0.001074863,1.698615451,0.909568654,0.891772712,38.77417621,0.714132441,0.186712329,1.891056358,0.297719201,106.2985423,0.023130729,4.86844e-05,0.088681095,0.052021974,1.983580693,0.087876815,1.092578671,0.315740907,0.037243004,0.005251837,0.029429779
"Central.African.Republic",0.001074863,0.095977573,1.507516456,0.636026379,23.76497018,1.224722991,0.205205479,6.378927442,0.963918433,45.48645812,0.000138507,4.86844e-05,0.082462957,0.042386517,0.66409293,0.001799053,1.363958883,0.129595148,0.008523528,0.001858569,0.118920332
"Chad",0.003224589,0.032086541,2.055888214,0.105192724,21.41772044,0.452231339,0.257123288,3.904493069,1.497731363,42.60524042,0,2.65551e-05,0.075527432,0.044285129,0.103824924,0.030307122,0.480762293,0.126684455,0.002678823,0.005481337,0
"Congo",0.007524041,0.038104573,0.113316673,0.481437601,82.86172755,0.37404487,0.040547945,2.056921659,1.284960893,177.4094472,0.001523581,3.98327e-05,0.066135519,0.067210872,0.54535698,0.020066359,0.232216214,0.038670638,0.033544756,0.002716228,0.040240718
"Gabon",0.027946438,0.022675003,0.716323256,0.37165313,42.11967087,0.159742473,0.187671233,13.54602036,1.42577049,183.11058,0.003739699,0.000108433,0.033747913,0.080406226,0.771507546,0.017436974,2.429136594,0.002217671,0.04378998,0.004931995,0.008408508
"Algeria",0.047293973,0.029974025,7.021586715,1.406883116,39.44821839,0.95529875,0.025890411,3.262783827,0.469284168,24.8275142,0.002354625,0.000742437,0.089761413,0.143107894,2.706075143,0.928588079,0,0.101597052,0.002707141,0.007457941,0.165767735
"Egypt",0.155855137,0.110931823,3.127337829,1.908774857,41.54390068,0.973862185,0.023287671,4.870113504,0.846389902,330.901414,0.007209208,0.000350749,0.085447423,0.128678442,2.27365538,0.434125306,0.040547885,0.06902501,0.000736252,0.007546608,0.016817017
"Morocco",0.171978082,0.172917441,2.846069658,1.389629283,29.06219848,2.139577032,0.052876712,1.104780808,1.173850132,10.94673455,0.008351419,0.000968155,0.058350332,0.16347051,1.510017543,0.56531778,0.007749766,0.10464635,0.00215212,0.014661019,0.059460166
"Tunisia",0.190250753,0.041014149,9.278814375,1.165051165,49.18357844,0.385130184,0.096712329,6.717657562,0.518234123,141.6042799,0.011119954,0.000864148,0.101132028,0.164752073,3.708565531,0.427205872,0.000415166,0.123912366,0.007039698,0.022290987,0.105106354
"Lesotho",0.003224589,0.303452193,5.166026191,0.218316646,30.4868253,0.595606861,0.012465753,6.667009795,0.629611864,19.37159133,0.000415522,5.42167e-05,0.083070347,0.132618062,0.371395007,0.784940623,0.014945978,0.053085499,0.025304401,0.004844746,0.007207293
"Namibia",0.068791233,0.210756878,5.143767559,0.395585867,31.21842058,0.174467591,0.007945205,4.106763398,0.877837647,65.10325946,0.023546251,0.000123924,0.08948596,0.184165383,1.869262824,0.197480654,0.009548819,0.114071451,0.046814275,0.009849954,0.034234641
"South.Africa",0.059117466,0.025501332,4.66925399,0.325457384,15.79545685,1.458539804,0.014931507,7.322204457,1.743584172,5.267202858,0.006648353,0.000649494,0.106353787,0.189434032,0.536935012,0.457789771,0.017990529,0.020374852,0.036840898,0.005348134,0.061261989
"Benin",0.003224589,0.046803001,1.159472388,0.657315383,51.4559764,0.199344208,0.145753425,4.026258091,0.256738095,101.884762,0.007063875,0.000107327,0.073273579,0.04822475,0.76916044,0.003874883,2.214357355,0.145673263,0.048060239,0.008226127,0.002402431
"Burkina.Faso",0.008598904,0.176852082,1.746290875,0.064145299,26.54672334,0.757364421,0.241506849,1.413536004,0.376585684,53.70099368,0.000138507,0.00023457,0.084429899,0.041010023,0.205716937,0.017160197,0.068225622,0.264457265,0.097168221,0.009072605,0.019219448
"Ghana",0.006449178,0.107499579,0.20538647,0.913896578,78.99035319,0.468694733,0.116164384,1.315184891,0.468482604,183.6228999,0.000277015,0.000110646,0.071465011,0.06075559,0.909572604,0.001799053,4.212413194,0.092864973,0.011525169,0.008248321,0.000600608
"Guinea",0.006449178,0.052713078,1.5317986,0.552818378,52.30114904,0.569401105,0.094520548,3.770495097,0.219095432,7.618897656,0,0.000231251,0.077012752,0.072242194,1.027894359,0.070163063,0.845693256,0.055996192,0.001534801,0.00694575,0.106307569
"Guinea.Bissau",0.005374315,0.053304487,1.772596531,0.410335111,17.41530116,0.481080064,0.080273973,2.752358157,0.392579978,7.356300504,0.000412784,0.000152692,0.086011633,0.033557971,0.792217305,0.005397159,0.334208675,0.027998096,0.014747686,0.007176125,0.001201215
"Mali",0.002149726,0.043363827,4.406197427,0.933237569,35.0071262,0.429946256,0.09369863,3.697026578,0.623194504,55.35616129,0.000554029,5.20038e-05,0.098031872,0.055676803,1.563310655,0.091198144,0.294352734,0.142208152,0.02096618,0.005291829,0.001801823
"Mauritania",0.03224589,0.290458258,8.164871007,0.210107161,37.68604734,0.134306574,0.009726027,8.799846939,0.524324132,13.43860345,0.017923637,0.000366239,0.0287398,0.18834233,0.706616968,0.11583133,0.016191476,0.139436063,2.83174e-05,0.005486092,0
"Niger",0.096737671,0.260421176,3.994412731,0.364556796,41.08732049,0.041079856,0.227945205,1.507299904,0.213198134,12.26050084,0,2.76616e-05,0.078936466,0.022071367,1.508913022,0.042900492,0.061998131,0.542497765,0.000317155,0.004689577,0.004804862
"Nigeria",0.007524041,0.124441307,0.123434233,0.313491016,32.56628598,1.17140696,0.17739726,1.097047929,0.20216166,125.9445644,0.004372316,0.000321981,0.083668104,0.050692946,1.360078889,0.062413297,2.059777193,0.158147662,0.007736305,0.007013239,0.003003039
"Senegal",0.016122945,0.168694605,1.181731021,0.257416058,43.57750971,0.073103997,0.114520548,2.29726045,0.479122172,95.08018402,0.011080589,0.000235677,0.077643159,0.08168779,1.804786442,0.0905062,0.112925167,0.073321747,0.001291272,0.015763682,0.032432818
"Togo",0.005374315,0.046480887,0.160869206,0.119524537,56.40321576,0.174276354,0.076575342,0.719488968,0.474008659,75.21817265,0.000138507,0.00021908,0.070298416,0.06773299,0.304433454,0.005812325,1.11167631,0.149138374,0.00510279,0.011384284,0.054054696
